{"cameraMode":{"drawMode":0,"name":"Shaded","section":"Shading Mode"},"sceneLighting":false,"audioPlay":false,"sceneViewState":{"showFog":true,"showMaterialUpdate":false,"showSkybox":true,"showFlares":true,"showImageEffects":true,"showParticleSystems":true},"in2DMode":false,"pivot":{"x":-7.204615116119385,"y":7.093091011047363,"z":2.8057985305786135},"rotation":{"x":-0.20664151012897492,"y":-0.23990169167518617,"z":0.05234329774975777,"w":-0.9471043348312378},"size":14.860950469970704,"orthographic":false}